"","name1","name2","nameOut","case","isRC","loc1","loc2","quality1","quality2","quality","overlapLen"
"1","ALX4","EOMES","ALX4_EOMES",4,0,4,11,0.358061100358979,0.236269380770805,0.594330481129783,6
"2","ALX4","TBX21","ALX4_TBX21",2,0,5,-1,0.41732544273523,0.261091535621822,0.678416978357052,4
"3","ALX4","TBX21","ALX4_TBX21_2",2,0,5,-1,0.251021703269277,0.238921624775548,0.489943328044825,4
"4","ARNTL","BHLHA15","ARNTL_BHLHA15",2,1,10,0,0.313865068824791,0.223676261953839,0.537541330778629,0
"5","ARNTL","PITX1","ARNTL_PITX1",4,0,-2,8,0.237817040526395,0.271313731091285,0.509130771617681,0
"6","ARNTL","PITX1","ARNTL_PITX1_2",2,1,9,0,0.299277314635512,0.222819107128379,0.52209642176389,-1
"7","ATF4","CEBPB","ATF4_CEBPB",1,0,0,2,0.0963117761181358,0.316876239507274,0.41318801562541,11
"8","ATF4","CEBPD","ATF4_CEBPD",1,0,0,2,0.0881747529435826,0.34417914362209,0.432353896565673,11
"9","ATF4","TEF","ATF4_TEF",4,0,0,1,0.0867836358171972,0.387963276679311,0.474746912496509,12
"10","CEBPG","ATF4","CEBPG_ATF4",2,0,2,0,0.313286777969629,0.0935866634200063,0.406873441389635,11
"11","CEBPG","CREB3L1","CEBPG_CREB3L1",2,0,1,-1,0.399690831882014,0.388172777645987,0.787863609528001,12
"12","CEBPG","ELF1","CEBPG_ELF1",3,1,9,-1,0.320720223872526,0.403416639993546,0.724136863866072,2
"13","CLOCK","BHLHA15","CLOCK_BHLHA15",4,0,-1,10,0.236097656314943,0.30346281551508,0.539560471830023,-1
"14","CLOCK","EVX1","CLOCK_EVX1",1,1,-2,8,0.189951535677674,0.224224273254915,0.414175808932589,0
"15","CLOCK","EVX1","CLOCK_EVX1_2",4,0,-2,7,0.12025864080101,0.309576942977543,0.429835583778553,1
"16","CLOCK","EVX1","CLOCK_EVX1_3",4,1,-2,10,0.218981424081317,0.23044212551414,0.449423549595457,-2
"17","CLOCK","EVX1","CLOCK_EVX1_4",4,1,-2,11,0.204216156732428,0.289707330658017,0.493923487390445,-3
"18","CLOCK","FIGLA","CLOCK_FIGLA",4,1,-1,14,0.229849304469469,0.183884347563881,0.41373365203335,-5
"19","CLOCK","FIGLA","CLOCK_FIGLA_2",4,1,-1,15,0.28612311566059,0.201653121678962,0.487776237339552,-6
"20","CLOCK","NHLH1","CLOCK_NHLH1",2,0,12,0,0.177578187104354,0.206562317462224,0.384140504566578,-2
"21","CLOCK","NHLH1","CLOCK_NHLH1_2",2,0,11,0,0.175365801726018,0.210257867255965,0.385623668981983,-1
"22","CLOCK","TBX3","CLOCK_TBX3",4,1,-2,10,0.139294720782536,0.155183193944712,0.294477914727248,-2
"23","CUX1","FOXI1","CUX1_FOXI1",2,0,10,0,0.168988677194917,0.390427053502337,0.559415730697254,-3
"24","CUX1","FOXO1","CUX1_FOXO1",2,0,10,0,0.146414973444321,0.273882922034265,0.420297895478586,-2
"25","CUX1","FOXO6","CUX1_FOXO6",2,0,10,0,0.133547461398976,0.392366008312666,0.525913469711641,-3
"26","CUX1","HOXA13","CUX1_HOXA13",3,1,9,-2,0.139991536398857,0.360853460140151,0.500844996539007,0
"27","CUX1","HOXA13","CUX1_HOXA13_2",4,1,-1,6,0.24496541273378,0.306397766969053,0.551363179702833,3
"28","CUX1","HOXB13","CUX1_HOXB13",4,1,-1,6,0.187066305099295,0.358080387468898,0.545146692568192,3
"29","CUX1","NHLH1","CUX1_NHLH1",4,1,-1,13,0.139404386437573,0.0829603754770602,0.222364761914633,-4
"30","CUX1","NHLH1","CUX1_NHLH1_2",4,1,-1,14,0.130773809120282,0.0910762981837059,0.221850107303988,-5
"31","CUX1","PITX1","CUX1_PITX1",3,0,8,-1,0.155279203212369,0.101347682143309,0.256626885355679,-1
"32","CUX1","RFX5","CUX1_RFX5",1,0,-1,8,0.129145800148737,0.461011488120214,0.590157288268951,1
"33","CUX1","RFX5","CUX1_RFX5_2",1,0,-1,7,0.0981057669094572,0.468160212872112,0.566265979781569,2
"34","CUX1","SOX15","CUX1_SOX15",2,0,-2,-9,0.10130594199115,0.472788873716321,0.574094815707471,8
"35","CUX1","SOX15","CUX1_SOX15_2",3,0,-1,-8,0.1166051979001,0.502296947255415,0.618902145155515,8
"36","CUX1","SOX15","CUX1_SOX15_3",3,0,-1,-8,0.113426190088743,0.529609046185196,0.643035236273939,8
"37","CUX1","SRF","CUX1_SRF",2,0,14,-2,0.148537853894895,0.303327642350227,0.451865496245122,0
"38","CUX1","TBX21","CUX1_TBX21",3,0,9,0,0.0976829058404295,0.252112343664216,0.349795249504646,1
"39","CUX1","TBX21","CUX1_TBX21_2",3,0,7,-1,0.364402356365782,0.291808514150803,0.656210870516584,2
"40","CUX1","TBX3","CUX1_TBX3",2,0,9,0,0.198335466894846,0.168812938755299,0.367148405650145,-1
"41","E2F1","ELK1","E2F1_ELK1",3,1,7,-1,0.454997667927013,0.228177487817333,0.683175155744345,2
"42","E2F1","ELK1","E2F1_ELK1_2",3,1,12,-1,0.411864887255245,0.199406916202757,0.611271803458002,-3
"43","E2F1","ELK1","E2F1_ELK1_3",3,1,13,-1,0.443418785353873,0.193038523874798,0.63645730922867,-4
"44","E2F1","EOMES","E2F1_EOMES",4,1,2,10,0.446449191051072,0.330619395115155,0.777068586166227,6
"45","E2F1","EOMES","E2F1_EOMES_2",2,0,5,-1,0.388366265189699,0.470202301122202,0.8585685663119,7
"46","E2F1","HES7","E2F1_HES7",3,0,9,-1,0.365783596921131,0.235277900717964,0.601061497639095,2
"47","E2F1","HES7","E2F1_HES7_2",3,0,10,-1,0.35997659289659,0.330182610050438,0.690159202947028,1
"48","E2F1","NHLH1","E2F1_NHLH1",3,1,16,0,0.374357942914162,0.0887176610488971,0.463075603963059,-6
"49","E2F3","DRGX","E2F3_DRGX",2,1,0,-5,0.442350403133943,0.265493236424394,0.707843639558337,8
"50","E2F3","EOMES","E2F3_EOMES",2,1,3,-1,0.563596134035243,0.489645337137319,1.05324147117256,9
"51","E2F3","FOXI1","E2F3_FOXI1",4,1,-3,10,0.660559056491109,0.463538124976423,1.12409718146753,5
"52","E2F3","FOXO6","E2F3_FOXO6",2,1,12,10,0.567130100833279,0.622513944545456,1.18964404537873,5
"53","E2F3","FOXO6","E2F3_FOXO6_2",3,1,13,10,0.588843960244332,0.635859218711209,1.22470317895554,4
"54","E2F3","HES7","E2F3_HES7",1,0,-3,11,0.561523685888176,0.385215606200755,0.94673929208893,4
"55","E2F3","ONECUT2","E2F3_ONECUT2",2,1,4,-4,0.506396676329076,0.184901063072857,0.691297739401934,6
"56","E2F3","ONECUT2","E2F3_ONECUT2_2",2,1,5,-4,0.524317915885651,0.208887551816193,0.733205467701844,5
"57","E2F3","TBX21","E2F3_TBX21",4,1,-5,7,0.614690774528822,0.292188591292127,0.906879365820949,6
"58","E2F3","TBX21","E2F3_TBX21_2",4,1,2,14,0.619901662784308,0.31867106744394,0.938572730228248,6
"59","E2F3","TBX21","E2F3_TBX21_3",2,0,4,-1,0.624801350248201,0.245165189880856,0.869966540129056,5
"60","ELK1","EOMES","ELK1_EOMES",2,0,20,-1,0.211453669697141,0.339890875512121,0.551344545209262,-8
"61","ELK1","EOMES","ELK1_EOMES_2",1,0,0,8,0.116225391164636,0.390124284353959,0.506349675518595,2
"62","ELK1","EOMES","ELK1_EOMES_3",3,0,4,-4,0.145158717631007,0.491490489201674,0.636649206832681,5
"63","ELK1","ETV7","ELK1_ETV7",2,1,1,0,0.404804668486342,0.340048650955653,0.744853319441995,10
"64","ELK1","EVX1","ELK1_EVX1",1,0,0,9,0.342500691084781,0.191485902187774,0.533986593272556,1
"65","ELK1","FOXI1","ELK1_FOXI1",1,0,0,9,0.148575113093254,0.246532896904288,0.395108009997543,1
"66","ELK1","FOXI1","ELK1_FOXI1_2",1,0,0,8,0.291753903412923,0.294225170876455,0.585979074289378,2
"67","ELK1","FOXI1","ELK1_FOXI1_3",4,0,0,6,0.184566252797012,0.417348488247624,0.601914741044636,4
"68","ELK1","FOXI1","ELK1_FOXI1_4",3,0,4,0,0.254682909963175,0.387318275489099,0.642001185452274,3
"69","ELK1","FOXI1","ELK1_FOXI1_5",1,0,0,9,0.34250445561704,0.221753828397652,0.564258284014692,1
"70","ELK1","FOXI1","ELK1_FOXI1_6",1,0,0,8,0.492645680151206,0.194162061319127,0.686807741470332,2
"71","ELK1","HOXA1","ELK1_HOXA1",4,0,0,6,0.127977542129386,0.394444024056819,0.522421566186205,4
"72","ELK1","HOXA3","ELK1_HOXA3",1,0,0,15,0.298799997873256,0.37042627556435,0.669226273437605,-5
"73","ELK1","HOXA3","ELK1_HOXA3_2",4,0,0,3,0.383104276921165,0.464766039434757,0.847870316355922,7
"74","ELK1","HOXB13","ELK1_HOXB13",1,0,0,6,0.0878113163271113,0.419682650933634,0.507493967260745,4
"75","ELK1","HOXB13","ELK1_HOXB13_2",1,0,0,6,0.324561709975088,0.533791738993835,0.858353448968923,4
"76","ELK1","ONECUT2","ELK1_ONECUT2",1,0,0,5,0.277530687218621,0.44445859228412,0.721989279502741,5
"77","ELK1","PAX1","ELK1_PAX1",1,0,0,5,0.2511496414514,0.395903561893968,0.647053203345368,5
"78","ELK1","PAX5","ELK1_PAX5",1,0,0,5,0.247395094747346,0.346385354591947,0.593780449339293,5
"79","ELK1","PAX9","ELK1_PAX9",4,0,0,13,0.265279723552912,0.449509054054741,0.714788777607653,-3
"80","ELK1","SPDEF","ELK1_SPDEF",4,0,0,8,0.39806238765295,0.296508693482677,0.694571081135627,2
"81","ELK1","SREBF2","ELK1_SREBF2",4,0,0,7,0.165865868853803,0.298672566867234,0.464538435721036,3
"82","ELK1","SREBF2","ELK1_SREBF2_2",2,0,8,0,0.18172796872346,0.224423266248761,0.406151234972221,2
"83","ELK1","TBX21","ELK1_TBX21",2,0,21,0,0.165208104569895,0.285492993794346,0.450701098364241,-11
"84","ELK1","TBX21","ELK1_TBX21_2",3,0,4,-1,0.159651277364257,0.512812308569032,0.672463585933288,5
"85","ELK1","TBX21","ELK1_TBX21_3",2,0,20,-1,0.268645756289921,0.291906952232342,0.560552708522263,-11
"86","ELK1","TBX21","ELK1_TBX21_4",3,0,4,-1,0.314027720295852,0.521887170937989,0.835914891233841,5
"87","ELK1","TEF","ELK1_TEF",1,0,0,6,0.237811868007914,0.221783351337484,0.459595219345397,4
"88","ERF","CEBPD","ERF_CEBPD",4,0,0,7,0.364206601970806,0.0686727065869666,0.432879308557773,3
"89","ERF","CLOCK","ERF_CLOCK",2,0,10,-2,0.242296993716517,0.154922884605721,0.397219878322238,-2
"90","ERF","DLX2","ERF_DLX2",1,0,0,11,0.25059199626822,0.157948019411454,0.408540015679674,-1
"91","ERF","DLX2","ERF_DLX2_2",1,0,0,11,0.245361711560226,0.15143106830539,0.396792779865616,-1
"92","ERF","DLX3","ERF_DLX3",1,0,0,11,0.302326774300431,0.2979664727824,0.600293247082831,-1
"93","ERF","DLX3","ERF_DLX3_2",1,0,0,10,0.261260535838144,0.263948079792835,0.525208615630979,0
"94","ERF","EOMES","ERF_EOMES",2,0,20,-1,0.202011310476741,0.261578681990709,0.463589992467451,-8
"95","ERF","EOMES","ERF_EOMES_2",3,0,6,-2,0.190395650460596,0.457786796599358,0.648182447059954,5
"96","ERF","ETV7","ERF_ETV7",2,1,0,-1,0.44079065923648,0.34041068186721,0.78120134110369,10
"97","ERF","FIGLA","ERF_FIGLA",1,0,0,6,0.365926472018163,0.162343443908395,0.528269915926558,4
"98","ERF","FOXI1","ERF_FOXI1",4,0,0,6,0.273376684623134,0.421215996721337,0.694592681344471,4
"99","ERF","FOXI1","ERF_FOXI1_2",2,0,4,0,0.188220295507933,0.429403536779487,0.61762383228742,3
"100","ERF","FOXI1","ERF_FOXI1_3",3,0,4,0,0.330968836234028,0.387953800990075,0.718922637224103,3
"101","ERF","FOXO1","ERF_FOXO1",2,0,4,0,0.260137545795634,0.350393288421943,0.610530834217577,4
"102","ERF","HES7","ERF_HES7",1,0,0,10,0.153173699231598,0.353940474962234,0.507114174193832,0
"103","ERF","HES7","ERF_HES7_2",3,0,11,-1,0.213707836216049,0.402822017185068,0.616529853401117,0
"104","ERF","HES7","ERF_HES7_3",3,0,12,-1,0.210970307259492,0.404863662788545,0.615833970048037,-1
"105","ERF","HOXA3","ERF_HOXA3",1,0,0,12,0.175741637340331,0.308554485469346,0.484296122809677,-2
"106","ERF","HOXB13","ERF_HOXB13",1,0,0,6,0.243220845006125,0.480261924166562,0.723482769172687,4
"107","ERF","MAX","ERF_MAX",1,0,0,6,0.328942423234693,0.135489049508161,0.464431472742854,4
"108","ERF","NHLH1","ERF_NHLH1",3,0,7,0,0.266703202072672,0.239947096655185,0.506650298727856,3
"109","ERF","ONECUT2","ERF_ONECUT2",4,0,0,10,0.168123733285279,0.365347267189738,0.533471000475017,0
"110","ERF","PITX1","ERF_PITX1",4,0,0,10,0.303157174871542,0.299785856030803,0.602943030902345,0
"111","ERF","PITX1","ERF_PITX1_2",4,0,0,11,0.30569397018035,0.257969051026716,0.563663021207066,-1
"112","ERF","SREBF2","ERF_SREBF2",2,0,8,0,0.151846512779952,0.121323523993114,0.273170036773066,2
"113","ERF","SREBF2","ERF_SREBF2_2",4,0,0,7,0.328030310285524,0.112842711495476,0.440873021781,3
"114","ERF","TBX21","ERF_TBX21",2,0,20,-1,0.204290885540104,0.382270079678254,0.586560965218358,-11
"115","ERF","TBX21","ERF_TBX21_2",3,0,4,-1,0.0977217794751254,0.487176639503645,0.584898418978771,5
"116","ETV2","BHLHA15","ETV2_BHLHA15",1,0,-1,6,0.289028259031981,0.196449589083235,0.485477848115217,4
"117","ETV2","CEBPD","ETV2_CEBPD",4,0,-1,7,0.375305595083811,0.16032471327349,0.535630308357301,3
"118","ETV2","CLOCK","ETV2_CLOCK",2,0,11,0,0.327807633812579,0.159590608298012,0.48739824211059,-1
"119","ETV2","DLX2","ETV2_DLX2",1,0,-1,12,0.143951372683683,0.157215875320101,0.301167248003783,-2
"120","ETV2","DLX2","ETV2_DLX2_2",1,0,-1,11,0.256686265202079,0.113598062586051,0.370284327788129,-1
"121","ETV2","DLX3","ETV2_DLX3",4,0,-1,13,0.200184031267245,0.129441569852678,0.329625601119923,-3
"122","ETV2","DLX3","ETV2_DLX3_2",1,0,-1,12,0.194649754337213,0.20995453091448,0.404604285251692,-2
"123","ETV2","DLX3","ETV2_DLX3_3",1,0,-1,11,0.243883739721736,0.193774774446532,0.437658514168268,-1
"124","ETV2","DLX3","ETV2_DLX3_4",3,0,7,-1,0.219131440025644,0.18329824643141,0.402429686457054,0
"125","ETV2","DRGX","ETV2_DRGX",4,0,-1,7,0.261683133534409,0.295337150438112,0.557020283972522,3
"126","ETV2","DRGX","ETV2_DRGX_2",4,0,-1,6,0.233641405383225,0.498729636627638,0.732371042010862,4
"127","ETV2","EOMES","ETV2_EOMES",2,0,19,-1,0.323211579208876,0.314748164095875,0.63795974330475,-7
"128","ETV2","EOMES","ETV2_EOMES_2",3,0,3,-4,0.311325193881515,0.471803676066689,0.783128869948204,6
"129","ETV2","EOMES","ETV2_EOMES_3",4,0,-1,11,0.217582957817958,0.205017619007533,0.422600576825491,-1
"130","ETV2","ETV7","ETV2_ETV7",2,1,-1,-1,0.434173683965109,0.321862536364681,0.75603622032979,11
"131","ETV2","EVX1","ETV2_EVX1",1,0,-1,9,0.303747012311354,0.282145484403871,0.585892496715225,1
"132","ETV2","FIGLA","ETV2_FIGLA",4,0,-1,6,0.326294917618848,0.159339540875314,0.485634458494162,4
"133","ETV2","FIGLA","ETV2_FIGLA_2",3,0,11,0,0.274895445222117,0.191127128913347,0.466022574135464,-1
"134","ETV2","FOXI1","ETV2_FOXI1",2,0,4,1,0.261799257930299,0.301118980818815,0.562918238749115,4
"135","ETV2","FOXI1","ETV2_FOXI1_2",1,0,-1,7,0.288576394972937,0.292072169163169,0.580648564136106,3
"136","ETV2","FOXI1","ETV2_FOXI1_3",1,0,-1,9,0.258805758996799,0.350931874794983,0.609737633791782,1
"137","ETV2","FOXI1","ETV2_FOXI1_4",4,0,-1,6,0.40660469669226,0.361405225788029,0.768009922480289,4
"138","ETV2","FOXI1","ETV2_FOXI1_5",3,0,3,0,0.39258825169042,0.306859592095544,0.699447843785964,4
"139","ETV2","FOXO6","ETV2_FOXO6",4,0,-1,6,0.358821412680914,0.39234751387344,0.751168926554353,4
"140","ETV2","GSC2","ETV2_GSC2",1,0,-1,14,0.240105000554489,0.108868200005462,0.348973200559951,-4
"141","ETV2","GSC2","ETV2_GSC2_2",1,0,-1,13,0.163400601813956,0.109169024717433,0.272569626531388,-3
"142","ETV2","GSC2","ETV2_GSC2_3",1,0,-1,12,0.235386886349464,0.186206787437538,0.421593673787002,-2
"143","ETV2","GSC2","ETV2_GSC2_4",4,0,-1,9,0.21048719025798,0.138305938396033,0.348793128654013,1
"144","ETV2","GSC2","ETV2_GSC2_5",4,0,-1,10,0.276236355940188,0.118685746671069,0.394922102611258,0
"145","ETV2","HES7","ETV2_HES7",3,0,10,-1,0.266794504686118,0.341294620303147,0.608089124989266,1
"146","ETV2","HES7","ETV2_HES7_2",1,0,-1,10,0.225608579599458,0.325076578795104,0.550685158394562,0
"147","ETV2","HES7","ETV2_HES7_3",1,0,-1,11,0.265871928122585,0.340201489141979,0.606073417264565,-1
"148","ETV2","HOXA2","ETV2_HOXA2",1,0,-1,6,0.240210205600699,0.338908638912031,0.57911884451273,4
"149","ETV2","HOXA2","ETV2_HOXA2_2",1,0,-1,12,0.233295324452116,0.179066743560567,0.412362068012683,-2
"150","ETV2","HOXB13","ETV2_HOXB13",1,0,-1,6,0.304561932366367,0.455455246590192,0.760017178956558,4
"151","ETV2","HOXB13","ETV2_HOXB13_2",1,0,-1,5,0.223434580968326,0.561676643346142,0.785111224314468,5
"152","ETV2","NHLH1","ETV2_NHLH1",2,0,6,0,0.363413274767817,0.210424540508072,0.573837815275889,4
"153","ETV2","NHLH1","ETV2_NHLH1_2",1,0,-1,11,0.342645520504007,0.0977028192053398,0.440348339709347,-1
"154","ETV2","ONECUT2","ETV2_ONECUT2",2,0,6,-4,0.260730830457746,0.264994587884148,0.525725418341894,4
"155","ETV2","ONECUT2","ETV2_ONECUT2_2",2,0,7,-4,0.206967460848119,0.210091119707693,0.417058580555812,3
"156","ETV2","ONECUT2","ETV2_ONECUT2_3",4,0,-1,9,0.21653450576664,0.247178620374065,0.463713126140705,1
"157","ETV2","ONECUT2","ETV2_ONECUT2_4",4,0,-1,10,0.213105785587393,0.286505250567152,0.499611036154545,0
"158","ETV2","ONECUT2","ETV2_ONECUT2_5",1,0,-1,9,0.224263077435378,0.308271978421742,0.532535055857121,1
"159","ETV2","PAX5","ETV2_PAX5",1,0,-1,5,0.219474584834719,0.326684438409137,0.546159023243856,5
"160","ETV2","PITX1","ETV2_PITX1",4,0,-1,11,0.25242063440198,0.12608263932526,0.378503273727241,-1
"161","ETV2","RFX5","ETV2_RFX5",3,1,10,1,0.309341607996372,0.592886884704325,0.902228492700696,7
"162","ETV2","RFX5","ETV2_RFX5_2",1,0,-1,5,0.216949275138859,0.453033655388448,0.669982930527308,5
"163","ETV2","RFX5","ETV2_RFX5_3",2,1,9,1,0.204417966681156,0.594306672396502,0.798724639077658,8
"164","ETV2","RFX5","ETV2_RFX5_4",1,0,-1,6,0.249045583967298,0.423590657523849,0.672636241491147,4
"165","ETV2","SOX15","ETV2_SOX15",4,0,-1,12,0.230996754783934,0.66355782616084,0.894554580944774,-2
"166","ETV2","SOX15","ETV2_SOX15_2",4,0,-1,11,0.241967902618541,0.63733479545984,0.879302698078381,-1
"167","ETV2","SOX15","ETV2_SOX15_3",1,0,-1,12,0.209648188642954,0.657712182583082,0.867360371226036,-2
"168","ETV2","SOX15","ETV2_SOX15_4",4,0,-1,13,0.208602825713774,0.653191273623069,0.861794099336843,-3
"169","ETV2","SPDEF","ETV2_SPDEF",2,1,0,0,0.442957761984711,0.392630652101059,0.83558841408577,11
"170","ETV2","SREBF2","ETV2_SREBF2",2,0,7,0,0.287822889373258,0.317264165362694,0.605087054735952,3
"171","ETV2","SREBF2","ETV2_SREBF2_2",2,0,6,0,0.46987377847415,0.300706077716621,0.770579856190771,4
"172","ETV2","TBX21","ETV2_TBX21",2,0,18,-2,0.336037003233116,0.22742409478396,0.563461098017075,-10
"173","ETV2","TBX21","ETV2_TBX21_2",3,0,3,-1,0.328365146095516,0.539737894991095,0.868103041086611,6
"174","ETV2","TBX21","ETV2_TBX21_3",4,0,-1,14,0.185853847400998,0.201691546151104,0.387545393552103,-4
"175","ETV2","TCF3","ETV2_TCF3",2,0,6,-2,0.24577032328546,0.340306537843392,0.586076861128852,2
"176","ETV2","TEF","ETV2_TEF",1,0,-1,6,0.309767228595423,0.178954567687166,0.488721796282589,4
"177","ETV2","TEF","ETV2_TEF_2",2,0,13,-2,0.172503674522656,0.192563933220521,0.365067607743176,-3
"178","ETV5","CEBPD","ETV5_CEBPD",4,0,0,7,0.263148252189306,0.117088359687458,0.380236611876764,3
"179","ETV5","CLOCK","ETV5_CLOCK",2,0,11,-1,0.134490876303874,0.197537382136206,0.33202825844008,-2
"180","ETV5","DLX2","ETV5_DLX2",1,0,0,11,0.114396150082353,0.124507477289734,0.238903627372087,-1
"181","ETV5","DRGX","ETV5_DRGX",4,0,0,7,0.182289013835446,0.326294378915458,0.508583392750904,3
"182","ETV5","DRGX","ETV5_DRGX_2",2,0,5,-6,0.144490500311378,0.381005168028395,0.525495668339773,2
"183","ETV5","EOMES","ETV5_EOMES",2,0,20,-1,0.154440744538059,0.35298618822129,0.507426932759349,-8
"184","ETV5","EOMES","ETV5_EOMES_2",3,0,4,-4,0.12110808195,0.585983482940541,0.707091564890541,5
"185","ETV5","ETV7","ETV5_ETV7",2,1,0,-1,0.424528666682331,0.403848146789761,0.828376813472091,10
"186","ETV5","EVX1","ETV5_EVX1",4,0,0,3,0.276072054204525,0.462974980597338,0.739047034801862,7
"187","ETV5","EVX1","ETV5_EVX1_2",1,0,0,9,0.306364917412007,0.25480108250803,0.561165999920036,1
"188","ETV5","EVX1","ETV5_EVX1_3",1,0,0,10,0.293659255818561,0.263573719986583,0.557232975805143,0
"189","ETV5","FIGLA","ETV5_FIGLA",4,0,0,6,0.327429945628819,0.144057697174361,0.47148764280318,4
"190","ETV5","FOXI1","ETV5_FOXI1",2,0,4,0,0.267261416981075,0.213713290192853,0.480974707173928,3
"191","ETV5","FOXI1","ETV5_FOXI1_2",4,0,0,6,0.178751932169267,0.486898567673295,0.665650499842562,4
"192","ETV5","FOXI1","ETV5_FOXI1_3",3,0,4,0,0.191799261122702,0.433180186661125,0.624979447783827,3
"193","ETV5","FOXO1","ETV5_FOXO1",4,0,0,5,0.254286881775425,0.448509536113933,0.702796417889357,5
"194","ETV5","FOXO1","ETV5_FOXO1_2",2,0,4,0,0.309391716414764,0.277135818339219,0.586527534753983,4
"195","ETV5","HES7","ETV5_HES7",1,0,-1,9,0.24255567969089,0.402237670802794,0.644793350493684,0
"196","ETV5","HES7","ETV5_HES7_2",3,0,11,-1,0.237633940114041,0.435151845454724,0.672785785568765,0
"197","ETV5","HOXA13","ETV5_HOXA13",1,0,0,6,0.190989057873814,0.460085202157284,0.651074260031097,4
"198","ETV5","HOXA2","ETV5_HOXA2",1,0,0,6,0.172974667482309,0.261212826010273,0.434187493492582,4
"199","ETV5","HOXA2","ETV5_HOXA2_2",1,0,0,15,0.339048682184991,0.226011419700895,0.565060101885887,-5
"200","ETV5","HOXA2","ETV5_HOXA2_3",4,0,0,3,0.276125470557936,0.441100093378426,0.717225563936362,7
"201","ETV5","HOXB13","ETV5_HOXB13",1,0,0,6,0.115742891842159,0.508201533144252,0.623944424986411,4
"202","ETV5","TCF3","ETV5_TCF3",3,0,7,-2,0.181657500979516,0.204502108464111,0.386159609443627,1
"203","ETV5","TCF3","ETV5_TCF3_2",4,0,0,11,0.169380660999928,0.223614590183039,0.392995251182966,-1
"204","ETV7","TBX21","ETV7_TBX21",4,0,-1,13,0.23758630435055,0.235817970443879,0.473404274794429,-3
"205","ETV7","TBX21","ETV7_TBX21_2",4,0,-1,12,0.221466639428453,0.234060246317678,0.455526885746131,-2
"206","FLI1","BHLHA15","FLI1_BHLHA15",1,0,-8,6,0.468906678462587,0.248882645989303,0.71778932445189,0
"207","FLI1","CEBPB","FLI1_CEBPB",4,0,0,7,0.47349867982945,0.139843332117309,0.613342011946759,7
"208","FLI1","CEBPD","FLI1_CEBPD",4,0,0,7,0.43413005108477,0.0988257618609942,0.532955812945764,7
"209","FLI1","DLX2","FLI1_DLX2",1,0,0,7,0.533601443749074,0.261162769469062,0.794764213218136,7
"210","FLI1","DLX2","FLI1_DLX2_2",1,0,0,11,0.472998577654155,0.164471922176216,0.637470499830371,3
"211","FLI1","DRGX","FLI1_DRGX",4,0,-8,7,0.480566362839752,0.331670183182574,0.812236546022326,-1
"212","FLI1","ETV7","FLI1_ETV7",2,1,0,-1,0.346825544180485,0.334614810346064,0.681440354526549,10
"213","FLI1","FIGLA","FLI1_FIGLA",1,0,-8,6,0.52601041418074,0.189765666721459,0.715776080902199,0
"214","FLI1","FOXI1","FLI1_FOXI1",2,0,4,-2,0.4048922518249,0.472497168109126,0.877389419934026,1
"215","FLI1","FOXI1","FLI1_FOXI1_2",4,0,-8,6,0.471107266064678,0.293096343858673,0.764203609923352,0
"216","FLI1","FOXI1","FLI1_FOXI1_3",2,0,4,0,0.397782394776931,0.279049270974768,0.676831665751699,3
"217","FLI1","FOXI1","FLI1_FOXI1_4",3,0,4,0,0.417030294281373,0.321229640504986,0.738259934786358,3
"218","FLI1","HOXB13","FLI1_HOXB13",1,0,-8,6,0.510643126543394,0.538804102674381,1.04944722921778,0
"219","FLI1","MAX","FLI1_MAX",1,0,0,6,0.491431429850441,0.181281141331669,0.672712571182109,8
"220","FLI1","ONECUT2","FLI1_ONECUT2",4,0,0,10,0.407220065158067,0.283665503502956,0.690885568661023,4
"221","FLI1","TCF3","FLI1_TCF3",1,0,-8,6,0.445122369195788,0.286993675329334,0.732116044525122,0
"222","FOXJ2","ELF1","FOXJ2_ELF1",1,0,0,2,0.377166628311176,0.299949534692707,0.677116163003882,6
"223","FOXJ2","ELF1","FOXJ2_ELF1_2",1,0,0,5,0.52367537839106,0.504177639806303,1.02785301819736,3
"224","FOXJ2","HOXB13","FOXJ2_HOXB13",3,0,8,-1,0.301781231774058,0.355548516265417,0.657329748039475,2
"225","FOXJ2","HOXB13","FOXJ2_HOXB13_2",1,0,0,5,0.356606322574237,0.456732314760322,0.813338637334559,3
"226","FOXJ2","HOXB13","FOXJ2_HOXB13_3",1,0,0,4,0.232473181793875,0.367371657660292,0.599844839454167,4
"227","FOXJ2","HOXB13","FOXJ2_HOXB13_4",3,0,7,-1,0.330196887488126,0.423540159198301,0.753737046686428,3
"228","FOXJ2","PITX1","FOXJ2_PITX1",2,0,8,0,0.414953362006476,0.137589338986123,0.552542700992599,0
"229","FOXJ2","PITX1","FOXJ2_PITX1_2",4,0,-1,5,0.329523497195261,0.15506324837715,0.484586745572411,2
"230","FOXJ3","ELF1","FOXJ3_ELF1",1,0,0,11,0.462663690582622,0.506189544091481,0.968853234674103,-3
"231","FOXJ3","TBX21","FOXJ3_TBX21",2,0,11,-1,0.345082371959413,0.404304585969827,0.74938695792924,-2
"232","FOXJ3","TBX21","FOXJ3_TBX21_2",4,0,-2,2,0.251799545042139,0.501478358752075,0.753277903794214,4
"233","FOXO1","ELF1","FOXO1_ELF1",1,0,2,4,0.517088936398328,0.500216488621681,1.01730542502001,6
"234","FOXO1","ELF1","FOXO1_ELF1_2",3,1,7,0,0.37915642876464,0.411844644640329,0.791001073404969,5
"235","FOXO1","ELF1","FOXO1_ELF1_3",1,0,0,2,0.286151958673299,0.38187157147668,0.668023530149979,6
"236","FOXO1","ELK1","FOXO1_ELK1",4,1,0,3,0.475685610702619,0.281861517614222,0.757547128316841,5
"237","FOXO1","ELK1","FOXO1_ELK1_2",1,0,0,4,0.352736034677632,0.225266804889074,0.578002839566706,4
"238","FOXO1","ELK1","FOXO1_ELK1_3",3,1,6,-1,0.529226765791179,0.272497459564961,0.80172422535614,3
"239","FOXO1","ELK3","FOXO1_ELK3",4,1,-1,2,0.523867072819067,0.154623071671597,0.678490144490664,5
"240","FOXO1","ELK3","FOXO1_ELK3_2",1,0,0,4,0.323141202388472,0.219484481086487,0.54262568347496,4
"241","FOXO1","ETV1","FOXO1_ETV1",4,1,-1,2,0.516879523761392,0.215699869294953,0.732579393056345,5
"242","FOXO1","ETV4","FOXO1_ETV4",4,1,-1,2,0.488337967191357,0.204241006554942,0.692578973746299,5
"243","FOXO1","ETV4","FOXO1_ETV4_2",1,0,0,4,0.280714075384769,0.314013873155148,0.594727948539917,4
"244","FOXO1","ETV7","FOXO1_ETV7",4,0,0,12,0.337157375981098,0.192730627167673,0.529888003148771,-4
"245","FOXO1","FLI1","FOXO1_FLI1",1,0,0,4,0.255873445249896,0.46184634867629,0.717719793926187,4
"246","FOXO1","HOXA10","FOXO1_HOXA10",1,0,0,5,0.284866593153508,0.443784768978782,0.728651362132289,3
"247","FOXO1","HOXB13","FOXO1_HOXB13",2,0,12,8,0.279858146084285,0.361880418382204,0.64173856446649,7
"248","FOXO1","HOXB13","FOXO1_HOXB13_2",2,0,9,5,0.217005041865484,0.391784077117666,0.608789118983149,7
"249","FOXO1","HOXB13","FOXO1_HOXB13_3",2,0,10,6,0.324125244813529,0.424784754460314,0.748909999273843,7
"250","FOXO1","SPDEF","FOXO1_SPDEF",4,1,-1,2,0.414593810993292,0.229421725375491,0.644015536368783,5
"251","GCM1","CEBPB","GCM1_CEBPB",4,0,-1,10,0.188031743685655,0.124948389949023,0.312980133634678,0
"252","GCM1","CEBPB","GCM1_CEBPB_2",4,0,-1,12,0.241777457285564,0.118585905928908,0.360363363214472,-2
"253","GCM1","CEBPB","GCM1_CEBPB_3",4,0,-1,11,0.244195529101619,0.133345164663224,0.377540693764844,-1
"254","GCM1","ELF1","GCM1_ELF1",1,0,-1,3,0.447431875184503,0.501866428639992,0.949298303824495,7
"255","GCM1","ELF1","GCM1_ELF1_2",2,0,6,-2,0.2600121484809,0.328411008540814,0.588423157021714,4
"256","GCM1","ELF1","GCM1_ELF1_3",3,1,6,0,0.376081864222464,0.339450745069472,0.715532609291936,6
"257","GCM1","ELK1","GCM1_ELK1",1,0,-1,11,0.488372620654639,0.35970129691989,0.848073917574529,-1
"258","GCM1","ELK1","GCM1_ELK1_2",1,0,-1,5,0.480340443872002,0.364280891167957,0.84462133503996,5
"259","GCM1","ELK1","GCM1_ELK1_3",1,0,-1,5,0.466950041220871,0.349839953208124,0.816789994428994,5
"260","GCM1","ELK3","GCM1_ELK3",3,1,7,-1,0.215817693025173,0.144229370358774,0.360047063383948,2
"261","GCM1","ELK3","GCM1_ELK3_2",1,0,-1,5,0.378931823960537,0.319154174784552,0.698085998745088,5
"262","GCM1","ERG","GCM1_ERG",1,0,-1,5,0.371964016426186,0.450658261506214,0.8226222779324,5
"263","GCM1","ETV1","GCM1_ETV1",1,0,-1,5,0.512213162937474,0.3494315016308,0.861644664568275,5
"264","GCM1","ETV4","GCM1_ETV4",1,0,-1,5,0.419558258006308,0.29293721317236,0.712495471178668,5
"265","GCM1","ETV7","GCM1_ETV7",4,1,-3,8,0.520647167011003,0.25010402650121,0.770751193512213,0
"266","GCM1","ETV7","GCM1_ETV7_2",4,1,-3,8,0.464550160081976,0.301201663992183,0.765751824074159,0
"267","GCM1","FIGLA","GCM1_FIGLA",4,1,-1,7,0.267390715294163,0.24712910480425,0.514519820098413,3
"268","GCM1","FIGLA","GCM1_FIGLA_10",3,0,11,-2,0.161979638251728,0.12785633419127,0.289835972442998,-3
"269","GCM1","FIGLA","GCM1_FIGLA_2",3,0,15,-2,0.208080455472239,0.156536369188069,0.364616824660308,-7
"270","GCM1","FIGLA","GCM1_FIGLA_3",3,0,14,-2,0.213822648292736,0.153216326940134,0.36703897523287,-6
"271","GCM1","FIGLA","GCM1_FIGLA_4",3,0,12,-2,0.200859208685435,0.13140707137557,0.332266280061005,-4
"272","GCM1","FIGLA","GCM1_FIGLA_5",3,0,11,-2,0.229377022566825,0.161233456864626,0.390610479431451,-3
"273","GCM1","FIGLA","GCM1_FIGLA_6",4,1,-1,11,0.254450617253074,0.160349328619096,0.41479994587217,-1
"274","GCM1","FIGLA","GCM1_FIGLA_7",3,0,15,-2,0.0718179472494744,0.166996730577338,0.238814677826812,-7
"275","GCM1","FIGLA","GCM1_FIGLA_8",3,0,13,-2,0.111628196962248,0.165947812724518,0.277576009686766,-5
"276","GCM1","FIGLA","GCM1_FIGLA_9",3,0,12,-2,0.139179433507423,0.139450075223773,0.278629508731195,-4
"277","GCM1","FOXI1","GCM1_FOXI1",3,0,5,1,0.27855313866225,0.451036770534527,0.729589909196777,3
"278","GCM1","FOXI1","GCM1_FOXI1_2",2,0,3,0,0.358805763502155,0.310001347910555,0.66880711141271,4
"279","GCM1","FOXI1","GCM1_FOXI1_3",2,0,5,2,0.39333787142893,0.30409519853703,0.69743306996596,4
"280","GCM1","FOXI1","GCM1_FOXI1_4",2,0,5,0,0.317149929863325,0.216526803758439,0.533676733621764,2
"281","GCM1","FOXI1","GCM1_FOXI1_5",3,0,4,0,0.266217665589389,0.449084395141168,0.715302060730557,3
"282","GCM1","FOXO1","GCM1_FOXO1",2,0,3,0,0.322327034834586,0.41278083650203,0.735107871336615,5
"283","GCM1","FOXO1","GCM1_FOXO1_2",2,0,3,0,0.348022717467652,0.34503677214195,0.693059489609602,5
"284","GCM1","HOXA13","GCM1_HOXA13",1,0,-1,5,0.25133387910725,0.576481822126309,0.827815701233559,5
"285","GCM1","HOXA2","GCM1_HOXA2",4,0,-1,7,0.328804278995017,0.249877277583946,0.578681556578963,3
"286","GCM1","HOXB13","GCM1_HOXB13",1,0,-1,5,0.291330235872703,0.576966430142121,0.868296666014824,5
"287","GCM1","HOXB13","GCM1_HOXB13_2",3,1,6,-2,0.351603112841098,0.509545798318125,0.861148911159223,3
"288","GCM1","HOXB13","GCM1_HOXB13_3",3,1,7,-2,0.281196680196931,0.392545376863316,0.673742057060247,2
"289","GCM1","HOXB13","GCM1_HOXB13_4",1,0,-1,5,0.260718503768657,0.482133678500862,0.742852182269519,5
"290","GCM1","MAX","GCM1_MAX",3,0,8,0,0.240717226866028,0.11335818977809,0.354075416644118,2
"291","GCM1","MAX","GCM1_MAX_2",3,0,17,0,0.184651017199555,0.0498547161067177,0.234505733306272,-7
"292","GCM1","MAX","GCM1_MAX_3",4,0,-1,12,0.1807091516759,0.0529581956862399,0.23366734736214,-2
"293","GCM1","MAX","GCM1_MAX_4",3,0,6,-2,0.284273268405099,0.0750849937604089,0.359358262165508,2
"294","GCM1","MAX","GCM1_MAX_5",3,0,17,0,0.116687023490469,0.0640252941629102,0.180712317653379,-7
"295","GCM1","MAX","GCM1_MAX_6",4,0,-1,12,0.189968250861533,0.047633806033613,0.237602056895146,-2
"296","GCM1","NHLH1","GCM1_NHLH1",3,0,13,-1,0.215332602281582,0.172124145876425,0.387456748158007,-4
"297","GCM1","NHLH1","GCM1_NHLH1_2",3,0,12,-1,0.249580817137685,0.172503564831117,0.422084381968803,-3
"298","GCM1","ONECUT2","GCM1_ONECUT2",1,0,-1,4,0.302161685519938,0.377924966601663,0.6800866521216,6
"299","GCM1","ONECUT2","GCM1_ONECUT2_2",1,0,-1,4,0.316990337154268,0.384711362080284,0.701701699234551,6
"300","GCM1","PITX1","GCM1_PITX1",3,0,13,-1,0.185497879622422,0.205503409551526,0.391001289173948,-6
"301","GCM1","PITX1","GCM1_PITX1_2",3,0,11,-1,0.177257768405685,0.203519537890172,0.380777306295857,-4
"302","GCM1","PITX1","GCM1_PITX1_3",3,0,10,-1,0.21626504717632,0.147391917416679,0.363656964592999,-3
"303","GCM1","SOX2","GCM1_SOX2",4,0,-1,7,0.187699982201152,0.631042302138705,0.818742284339857,3
"304","GCM1","SPDEF","GCM1_SPDEF",3,0,15,13,0.41046436689143,0.30804104683199,0.71850541372342,9
"305","GCM1","SPDEF","GCM1_SPDEF_2",3,0,16,14,0.396674812066898,0.287281327242226,0.683956139309124,9
"306","GCM1","SPDEF","GCM1_SPDEF_3",2,0,-1,-6,0.434833533296428,0.41576431693584,0.850597850232268,6
"307","GCM1","SPDEF","GCM1_SPDEF_4",3,0,16,14,0.459344345310071,0.361678059588383,0.821022404898454,9
"308","GCM1","SPDEF","GCM1_SPDEF_5",3,0,15,13,0.452402225097285,0.346075089541683,0.798477314638968,9
"309","GCM1","TBX21","GCM1_TBX21",2,0,6,-1,0.231504249088697,0.368266411523338,0.599770660612034,3
"310","GCM1","TBX21","GCM1_TBX21_2",2,0,19,-1,0.309816380275433,0.349191133029139,0.659007513304572,-10
"311","GCM2","DLX2","GCM2_DLX2",4,0,-1,11,0.199452952587869,0.0948250769539413,0.294278029541811,-2
"312","GCM2","DLX3","GCM2_DLX3",4,0,-1,12,0.152407922061216,0.177889659697186,0.330297581758402,-3
"313","GCM2","DLX3","GCM2_DLX3_2",4,0,-1,11,0.207201525437224,0.193372512263504,0.400574037700728,-2
"314","GCM2","DRGX","GCM2_DRGX",4,0,-1,6,0.148860904701738,0.335237256392229,0.484098161093967,3
"315","GCM2","DRGX","GCM2_DRGX_2",4,0,-1,7,0.176653483001215,0.323263068370807,0.499916551372022,2
"316","GCM2","E2F8","GCM2_E2F8",4,0,-1,8,0.206215386187479,0.428528088535185,0.634743474722663,1
"317","GCM2","ELK1","GCM2_ELK1",1,0,-1,5,0.354032574664236,0.366402066306437,0.720434640970673,4
"318","GCM2","EOMES","GCM2_EOMES",1,0,-1,7,0.11399996207878,0.279073195852149,0.393073157930929,2
"319","GCM2","FIGLA","GCM2_FIGLA",4,0,-1,7,0.14493763987319,0.219441198286005,0.364378838159195,2
"320","GCM2","FIGLA","GCM2_FIGLA_2",3,0,14,-1,0.0699826782726897,0.145929962077163,0.215912640349852,-5
"321","GCM2","FOXI1","GCM2_FOXI1",2,0,3,0,0.351345457408068,0.309385801148329,0.660731258556397,4
"322","GCM2","FOXI1","GCM2_FOXI1_2",3,0,4,0,0.162822818483764,0.468259961634124,0.631082780117889,3
"323","GCM2","HES7","GCM2_HES7",1,0,-1,9,0.258954320709228,0.380324907754235,0.639279228463464,0
"324","GCM2","HOXA13","GCM2_HOXA13",1,0,-1,5,0.115612973499812,0.550626109195874,0.666239082695686,4
"325","GCM2","MAX","GCM2_MAX",4,0,-1,8,0.192189348265587,0.23907084469991,0.431260192965496,1
"326","GCM2","ONECUT2","GCM2_ONECUT2",1,0,-1,8,0.128703310688271,0.274701323631242,0.403404634319513,1
"327","GCM2","PITX1","GCM2_PITX1",4,0,-1,7,0.237870058794559,0.154289822448841,0.3921598812434,2
"328","GCM2","PITX1","GCM2_PITX1_2",4,0,-1,6,0.33022125149134,0.246102368397621,0.576323619888961,3
"329","GCM2","SOX15","GCM2_SOX15",4,0,-1,11,0.139840263738488,0.689394610228207,0.829234873966694,-2
"330","GCM2","SOX15","GCM2_SOX15_2",4,0,-1,12,0.151481659995628,0.68343689175829,0.834918551753918,-3
"331","GCM2","SOX15","GCM2_SOX15_3",1,0,-1,12,0.130451232938882,0.60181306865848,0.732264301597362,-3
"332","GCM2","SOX15","GCM2_SOX15_4",1,0,-1,11,0.158869772104126,0.620879993162592,0.779749765266718,-2
"333","GCM2","TBX21","GCM2_TBX21",2,0,6,-1,0.241251296084492,0.288462329138159,0.529713625222651,3
"334","GCM2","TBX21","GCM2_TBX21_2",1,0,-1,8,0.270333937986357,0.236307100857051,0.506641038843408,1
"335","GCM2","TEF","GCM2_TEF",4,0,-1,9,0.174773503330678,0.146859752681797,0.321633256012475,0
"336","HOXA3","EOMES","HOXA3_EOMES",3,1,5,-4,0.356845825371563,0.337397075494292,0.694242900865855,4
"337","HOXA3","PAX5","HOXA3_PAX5",1,0,-2,5,0.374376272663919,0.161215306001398,0.535591578665318,3
"338","HOXB13","ELK1","HOXB13_ELK1",2,0,6,0,0.428506872744853,0.247557416187012,0.676064288931865,4
"339","HOXB13","EOMES","HOXB13_EOMES",2,0,5,-1,0.457562389892874,0.422487348410069,0.880049738302944,7
"340","HOXB13","EOMES","HOXB13_EOMES_2",4,0,-1,5,0.448841893087916,0.40640981028289,0.855251703370806,5
"341","HOXB13","ETV1","HOXB13_ETV1",2,0,6,0,0.509435437785743,0.147341254051522,0.656776691837265,4
"342","HOXB13","ONECUT2","HOXB13_ONECUT2",4,0,-1,6,0.48992003782596,0.343684255213128,0.833604293039088,4
"343","HOXB13","TBX21","HOXB13_TBX21",2,0,8,-1,0.454240032413901,0.18570085796848,0.639940890382381,1
"344","HOXB13","TBX21","HOXB13_TBX21_2",2,0,7,-1,0.519739092447889,0.283090427538976,0.802829519986865,2
"345","HOXB13","TBX21","HOXB13_TBX21_3",4,1,-2,7,0.479098682607147,0.295125102478402,0.774223785085549,2
"346","HOXB13","TBX3","HOXB13_TBX3",4,0,-1,8,0.378495804270469,0.17803275244461,0.556528556715079,2
"347","HOXB13","TBX3","HOXB13_TBX3_2",4,0,-1,10,0.351803847542529,0.194245346896597,0.546049194439126,0
"348","HOXB2","ELF1","HOXB2_ELF1",2,0,8,-3,0.383076734358425,0.219325574473091,0.602402308831516,1
"349","HOXB2","ELF1","HOXB2_ELF1_2",1,0,0,10,0.152449498578079,0.301353341435038,0.453802840013117,0
"350","HOXB2","ELF1","HOXB2_ELF1_3",1,0,-1,10,0.178575753652443,0.289838979973231,0.468414733625674,-1
"351","HOXB2","ELF1","HOXB2_ELF1_4",3,1,9,0,0.198761412063911,0.307074116950762,0.505835529014673,3
"352","HOXB2","ELF1","HOXB2_ELF1_5",3,1,10,0,0.227317220717629,0.352130801956897,0.579448022674526,2
"353","HOXB2","ELK1","HOXB2_ELK1",2,0,6,0,0.38254001514586,0.125923959456452,0.508463974602312,4
"354","HOXB2","ELK1","HOXB2_ELK1_2",3,1,7,0,0.29143074431409,0.0778408904332833,0.369271634747374,3
"355","HOXB2","ELK3","HOXB2_ELK3",2,0,9,0,0.375715170627425,0.128920173603936,0.504635344231362,1
"356","HOXB2","ELK3","HOXB2_ELK3_2",3,1,10,0,0.291834236667018,0.109529676905198,0.401363913572216,0
"357","HOXB2","EOMES","HOXB2_EOMES",4,1,-2,0,0.289001255683708,0.408450969241857,0.697452224925565,8
"358","HOXB2","EOMES","HOXB2_EOMES_2",3,1,5,-4,0.316680613531335,0.330224384082809,0.646904997614144,4
"359","HOXB2","ESRRB","HOXB2_ESRRB",3,1,12,-2,0.11542435041563,0.0597451440548113,0.175169494470441,-3
"360","HOXB2","ESRRB","HOXB2_ESRRB_2",3,1,11,-2,0.116001276647365,0.118453084240625,0.23445436088799,-2
"361","HOXB2","ETV1","HOXB2_ETV1",4,1,-2,1,0.477325944096649,0.241178504435184,0.718504448531833,7
"362","HOXB2","ETV4","HOXB2_ETV4",4,1,-1,2,0.438027840943837,0.240038762978411,0.678066603922248,7
"363","HOXB2","ETV7","HOXB2_ETV7",2,1,15,-2,0.228745700880445,0.174077844062299,0.402823544942744,-6
"364","HOXB2","ETV7","HOXB2_ETV7_2",2,0,10,-1,0.150220685141614,0.143413043978458,0.293633729120072,0
"365","HOXB2","ETV7","HOXB2_ETV7_3",2,0,11,-1,0.252573146081827,0.179793867086397,0.432367013168224,-1
"366","HOXB2","HOXB13","HOXB2_HOXB13",1,0,-2,4,0.358920908366023,0.251154085433103,0.610074993799125,4
"367","HOXB2","HOXB13","HOXB2_HOXB13_2",2,0,7,-1,0.43846680937147,0.210611404524811,0.649078213896282,3
"368","HOXB2","HOXB13","HOXB2_HOXB13_3",1,0,-1,4,0.39925641077927,0.352656972128324,0.751913382907593,5
"369","HOXB2","NHLH1","HOXB2_NHLH1",4,0,-1,10,0.266129083641962,0.11809461097703,0.384223694618992,-1
"370","HOXB2","NHLH1","HOXB2_NHLH1_2",1,0,-1,11,0.280205659467114,0.0912765709461024,0.371482230413217,-2
"371","HOXB2","NHLH1","HOXB2_NHLH1_3",4,0,-1,12,0.291757136088864,0.127700107559635,0.419457243648499,-3
"372","HOXB2","PAX1","HOXB2_PAX1",2,0,8,1,0.393609688860405,0.227027623523178,0.620637312383583,10
"373","HOXB2","PAX1","HOXB2_PAX1_2",1,0,-1,6,0.412636536098043,0.122016943708125,0.534653479806168,3
"374","HOXB2","PAX5","HOXB2_PAX5",2,0,8,1,0.338850009958376,0.198695172913632,0.537545182872008,11
"375","HOXB2","PAX5","HOXB2_PAX5_2",1,0,-1,6,0.366732315510782,0.134846516812274,0.501578832323057,3
"376","HOXB2","PAX9","HOXB2_PAX9",1,0,-1,6,0.410728213337952,0.145746027247049,0.556474240585,3
"377","HOXB2","PAX9","HOXB2_PAX9_2",2,0,7,0,0.374326060008464,0.238598127311021,0.612924187319485,10
"378","HOXB2","PITX1","HOXB2_PITX1",2,1,6,-1,0.255880154749954,0.143640009505175,0.39952016425513,1
"379","HOXB2","PITX1","HOXB2_PITX1_2",2,1,5,-1,0.270941713373848,0.118626354233876,0.389568067607723,2
"380","HOXB2","PITX1","HOXB2_PITX1_3",2,1,8,-1,0.22567137382482,0.114524212436335,0.340195586261155,-1
"381","HOXB2","PITX1","HOXB2_PITX1_4",2,1,7,-1,0.192677802382197,0.103885540226647,0.296563342608844,0
"382","HOXB2","RFX5","HOXB2_RFX5",1,0,-1,4,0.146262923461829,0.502831990065435,0.649094913527264,5
"383","HOXB2","RFX5","HOXB2_RFX5_2",1,1,7,10,0.18568796568197,0.466280325996507,0.651968291678477,7
"384","HOXB2","RFX5","HOXB2_RFX5_3",3,1,8,-1,0.12116914564458,0.409352171427301,0.530521317071881,7
"385","HOXB2","SOX15","HOXB2_SOX15",2,0,10,10,0.225072770640864,0.651784534013154,0.876857304654019,15
"386","HOXB2","SOX15","HOXB2_SOX15_2",2,0,9,9,0.148210154468781,0.597285883097802,0.745496037566583,15
"387","HOXB2","SOX15","HOXB2_SOX15_3",2,0,8,8,0.184462466610921,0.570566757235541,0.755029223846462,15
"388","HOXB2","SOX15","HOXB2_SOX15_4",3,0,-1,-10,0.205779542279621,0.567991666679904,0.773771208959525,6
"389","HOXB2","SOX15","HOXB2_SOX15_5",3,0,-1,-10,0.223032327725364,0.613037064124872,0.836069391850236,6
"390","HOXB2","SPDEF","HOXB2_SPDEF",2,0,11,0,0.1216532248656,0.11411279975615,0.23576602462175,0
"391","HOXB2","TBX21","HOXB2_TBX21",4,1,-2,3,0.273294682862507,0.316274725542427,0.589569408404933,5
"392","HOXB2","TBX21","HOXB2_TBX21_2",2,0,10,-1,0.232688394009193,0.33896869657879,0.571657090587983,-1
"393","HOXB2","TBX21","HOXB2_TBX21_3",3,1,5,-1,0.377648587624052,0.314638292267606,0.692286879891658,4
"394","HOXB2","TBX3","HOXB2_TBX3",4,1,-2,4,0.312577097539847,0.173673455950613,0.48625055349046,4
"395","HOXB2","TCF3","HOXB2_TCF3",2,0,9,-1,0.210260586643005,0.121328323901784,0.331588910544789,0
"396","HOXB2","TCF3","HOXB2_TCF3_2",3,0,9,-1,0.16234710903516,0.13656773759979,0.29891484663495,0
"397","HOXC10","EOMES","HOXC10_EOMES",3,0,6,-4,0.268184140819922,0.257515356726691,0.525699497546613,3
"398","HOXC10","TBX21","HOXC10_TBX21",3,0,6,-1,0.252760254575202,0.328868476236795,0.581628730811997,3
"399","HOXD12","ELK1","HOXD12_ELK1",2,0,8,1,0.384519548842735,0.228056256265769,0.612575805108504,3
"400","HOXD12","ELK1","HOXD12_ELK1_2",2,0,7,0,0.207621606706047,0.20141803106634,0.409039637772387,3
"401","HOXD12","ELK3","HOXD12_ELK3",3,1,8,0,0.223071210027775,0.111968594725819,0.335039804753593,2
"402","HOXD12","ELK3","HOXD12_ELK3_2",2,0,7,0,0.247888787464723,0.153764110052813,0.401652897517536,3
"403","HOXD12","ELK3","HOXD12_ELK3_3",2,0,7,0,0.312899363303864,0.19799465702975,0.510894020333615,3
"404","HOXD12","EOMES","HOXD12_EOMES",3,0,22,12,0.404748189322941,0.274782851174435,0.679531040497376,3
"405","HOXD12","EOMES","HOXD12_EOMES_2",3,1,15,12,0.430937278719929,0.609764598462858,1.04070187718279,10
"406","HOXD12","EOMES","HOXD12_EOMES_3",3,0,6,-4,0.363853570869846,0.259301755724867,0.623155326594714,3
"407","HOXD12","ETV1","HOXD12_ETV1",2,0,7,0,0.194849504111928,0.201775666934494,0.396625171046422,3
"408","HOXD12","ETV1","HOXD12_ETV1_2",2,0,7,0,0.366629632154099,0.24046457359226,0.607094205746359,3
"409","HOXD12","ETV4","HOXD12_ETV4",2,0,7,0,0.177150293215039,0.194266251992642,0.371416545207682,3
"410","HOXD12","ETV4","HOXD12_ETV4_2",2,0,7,0,0.375241196237086,0.227158309274207,0.602399505511293,3
"411","HOXD12","FIGLA","HOXD12_FIGLA",4,0,0,10,0.244459584977539,0.176376950997068,0.420836535974607,-1
"412","HOXD12","HOXA3","HOXD12_HOXA3",3,0,7,-1,0.184344207985349,0.331193934282292,0.515538142267641,2
"413","HOXD12","HOXA3","HOXD12_HOXA3_2",3,0,8,-1,0.250703727190219,0.319409491004178,0.570113218194397,1
"414","HOXD12","TBX21","HOXD12_TBX21",2,0,9,-1,0.358433867405741,0.243190997436688,0.601624864842429,0
"415","HOXD12","TBX21","HOXD12_TBX21_2",3,0,22,15,0.328708231498497,0.387128676215306,0.715836907713803,3
"416","HOXD12","TBX21","HOXD12_TBX21_3",3,0,6,-1,0.400391819107056,0.390810881717231,0.791202700824287,3
"417","MEIS1","DLX2","MEIS1_DLX2",4,0,-1,7,0.154196531290132,0.134426172351611,0.288622703641742,-1
"418","MEIS1","DLX3","MEIS1_DLX3",4,0,-1,7,0.0684936498765258,0.154993714971537,0.223487364848063,-1
"419","MEIS1","DRGX","MEIS1_DRGX",4,0,-1,5,0.230026248299686,0.224798941890736,0.454825190190422,1
"420","MEIS1","DRGX","MEIS1_DRGX_2",2,1,3,-6,0.195308487622143,0.406172209023485,0.601480696645628,4
"421","MEIS1","ELF1","MEIS1_ELF1",2,0,0,0,0.474933857211466,0.367907667998413,0.842841525209879,12
"422","MEIS1","EOMES","MEIS1_EOMES",2,0,5,-1,0.21498061916378,0.486951854950782,0.701932474114563,7
"423","MEIS1","EVX1","MEIS1_EVX1",1,0,-1,8,0.168756584032685,0.336393153573947,0.505149737606633,-2
"424","MEIS1","HOXA13","MEIS1_HOXA13",4,1,-1,5,0.109180851725422,0.427837743292917,0.53701859501834,1
"425","MEIS1","HOXB13","MEIS1_HOXB13",4,1,-1,5,0.182674181301635,0.386770821359892,0.569445002661526,1
"426","MEIS1","MAX","MEIS1_MAX",1,0,0,10,0.162065254543679,0.0861710447281864,0.248236299271865,-3
"427","MEIS1","ONECUT2","MEIS1_ONECUT2",1,0,-1,4,0.114423621094075,0.263909465405514,0.378333086499589,2
"428","MEIS1","SOX2","MEIS1_SOX2",4,0,-1,9,0.119701631816612,0.526377333234485,0.646078965051097,-3
"429","MEIS2","ONECUT2","MEIS2_ONECUT2",1,0,0,5,0.169482421926155,0.314656128620732,0.484138550546887,3
"430","MGA","DLX2","MGA_DLX2",4,0,0,5,0.244615464245994,0.129789836698761,0.374405300944755,3
"431","MGA","DLX2","MGA_DLX2_2",2,0,8,0,0.0826077225947664,0.172665900188238,0.255273622783005,0
"432","MGA","DLX3","MGA_DLX3",4,0,0,5,0.204882223372019,0.164688876963818,0.369571100335837,3
"433","MGA","DLX3","MGA_DLX3_2",2,0,7,-1,0.132076157420038,0.216509754660934,0.348585912080973,0
"434","MGA","EVX1","MGA_EVX1",4,0,0,4,0.265302390952745,0.271044955929336,0.536347346882081,4
"435","MGA","EVX1","MGA_EVX1_2",4,0,0,4,0.281924577815706,0.316690911840535,0.598615489656241,4
"436","MGA","PITX1","MGA_PITX1",1,0,0,5,0.287451037942234,0.222736097998803,0.510187135941037,3
"437","MYBL1","ELF1","MYBL1_ELF1",2,0,4,-1,0.313764082283088,0.436855982507097,0.750620064790185,7
"438","MYBL1","EOMES","MYBL1_EOMES",2,1,7,-1,0.359806119359961,0.320299502656116,0.680105622016077,5
"439","MYBL1","EOMES","MYBL1_EOMES_2",4,1,-4,1,0.287233787365705,0.481575607170793,0.768809394536498,6
"440","MYBL1","FIGLA","MYBL1_FIGLA",3,0,10,-1,0.260068904974896,0.182964929293857,0.443033834268753,-1
"441","MYBL1","FIGLA","MYBL1_FIGLA_2",3,0,11,-1,0.268772810872118,0.176028225545488,0.444801036417605,-2
"442","MYBL1","FIGLA","MYBL1_FIGLA_3",3,0,12,-1,0.266082886785013,0.180747072432805,0.446829959217818,-3
"443","MYBL1","FIGLA","MYBL1_FIGLA_4",4,1,-2,12,0.317020828042093,0.139404450385947,0.45642527842804,-3
"444","MYBL1","FIGLA","MYBL1_FIGLA_5",1,1,-2,11,0.283481623111451,0.182704017211084,0.466185640322535,-2
"445","MYBL1","HOXA13","MYBL1_HOXA13",2,0,10,-1,0.290627229810522,0.130323844815427,0.420951074625949,0
"446","MYBL1","MAX","MYBL1_MAX",4,1,-2,8,0.331121295398137,0.074431596425841,0.405552891823978,1
"447","MYBL1","MAX","MYBL1_MAX_2",2,1,12,-2,0.305564201262363,0.0508410351416641,0.356405236404027,-4
"448","MYBL1","MAX","MYBL1_MAX_3",2,1,13,-2,0.286726469130571,0.062325919348903,0.349052388479474,-5
"449","MYBL1","ONECUT2","MYBL1_ONECUT2",2,1,5,-4,0.301542381269737,0.310232889639226,0.611775270908963,5
"450","MYBL1","TBX21","MYBL1_TBX21",4,1,-1,5,0.4175657525949,0.173530248601727,0.591096001196627,5
"451","PITX1","EOMES","PITX1_EOMES",3,1,9,-4,0.128334253760837,0.330405636327813,0.45873989008865,0
"452","PITX1","EOMES","PITX1_EOMES_2",4,1,-1,6,0.120119934709436,0.27133331153544,0.391453246244876,1
"453","PITX1","FIGLA","PITX1_FIGLA",1,0,-1,8,0.144506757804132,0.138599622393027,0.28310638019716,-1
"454","PITX1","HES7","PITX1_HES7",1,1,-1,5,0.117377266019588,0.428270494710004,0.545647760729592,2
"455","PITX1","HES7","PITX1_HES7_2",1,1,-1,6,0.122577291519788,0.509842113356352,0.63241940487614,1
"456","PITX1","HES7","PITX1_HES7_3",1,1,-1,7,0.122445657509077,0.421936102652951,0.544381760162028,0
"457","PITX1","HOXA3","PITX1_HOXA3",1,1,-1,8,0.096362133460517,0.326413813455008,0.422775946915525,-1
"458","PITX1","TBX21","PITX1_TBX21",4,1,-1,7,0.121179647195117,0.17539899027691,0.296578637472028,0
"459","POU2F1","DLX2","POU2F1_DLX2",2,1,13,-1,0.352132806804383,0.247661433561708,0.599794240366091,-6
"460","POU2F1","DLX2","POU2F1_DLX2_2",4,0,2,13,0.358560444243082,0.136261107600315,0.494821551843396,1
"461","POU2F1","DLX2","POU2F1_DLX2_3",2,1,6,-1,0.3048378025857,0.186398569186412,0.491236371772111,1
"462","POU2F1","ELK1","POU2F1_ELK1",2,0,4,0,0.311097785885107,0.367326184635548,0.678423970520655,6
"463","POU2F1","ELK1","POU2F1_ELK1_2",2,0,4,0,0.325589200254723,0.437978647037717,0.76356784729244,6
"464","POU2F1","EOMES","POU2F1_EOMES",1,0,-7,4,0.346370653581576,0.53824738043123,0.884618034012806,1
"465","POU2F1","EOMES","POU2F1_EOMES_2",2,0,8,-4,0.314512163989095,0.463882675575224,0.778394839564319,1
"466","POU2F1","EOMES","POU2F1_EOMES_3",2,0,9,-1,0.491315026680252,0.507425129423264,0.998740156103516,3
"467","POU2F1","EOMES","POU2F1_EOMES_4",1,0,1,6,0.411057467981304,0.505794478280929,0.916851946262233,7
"468","POU2F1","EOMES","POU2F1_EOMES_5",4,0,1,19,0.401875345325042,0.33847208463337,0.740347429958412,-6
"469","POU2F1","ETV1","POU2F1_ETV1",2,0,4,0,0.324382277324822,0.335220005726885,0.659602283051707,6
"470","POU2F1","ETV4","POU2F1_ETV4",2,0,4,0,0.331201041911558,0.421224907947872,0.75242594985943,6
"471","POU2F1","ETV4","POU2F1_ETV4_2",2,0,4,0,0.331201041911558,0.421224907947872,0.75242594985943,6
"472","POU2F1","FOXO6","POU2F1_FOXO6",1,0,1,24,0.324431281112592,0.448223367064917,0.772654648177509,-11
"473","POU2F1","FOXO6","POU2F1_FOXO6_2",3,1,23,0,0.311987427088334,0.340941740428687,0.652929167517021,-16
"474","POU2F1","FOXO6","POU2F1_FOXO6_3",1,0,1,21,0.357775085952734,0.271772415562551,0.629547501515285,-8
"475","POU2F1","GSC2","POU2F1_GSC2",3,0,7,-1,0.280771409687827,0.186140722130997,0.466912131818824,2
"476","POU2F1","GSC2","POU2F1_GSC2_2",3,0,7,-1,0.280771409687827,0.186140722130997,0.466912131818824,2
"477","POU2F1","HOXB13","POU2F1_HOXB13",3,1,8,-2,0.272043674618019,0.463535509805,0.735579184423019,1
"478","POU2F1","SOX15","POU2F1_SOX15",3,1,4,-2,0.354182769989117,0.45346010839015,0.807642878379267,9
"479","POU2F1","SOX15","POU2F1_SOX15_2",3,1,4,-2,0.351348524545722,0.487529354271689,0.838877878817411,9
"480","POU2F1","SOX15","POU2F1_SOX15_3",3,1,6,0,0.399742705830008,0.547289528113726,0.947032233943733,9
"481","POU2F1","SOX2","POU2F1_SOX2",3,1,5,-7,0.230219309274921,0.475425878922426,0.705645188197347,3
"482","POU2F1","SOX2","POU2F1_SOX2_2",3,1,5,-7,0.216000438465192,0.542744326518614,0.758744764983806,3
"483","POU2F1","TBX21","POU2F1_TBX21",4,0,8,14,0.486888119007827,0.422328259526906,0.909216378534732,6
"484","POU2F1","TBX21","POU2F1_TBX21_2",1,0,-7,4,0.33664289771788,0.56555344688064,0.902196344598521,1
"485","RFX3","BHLHA15","RFX3_BHLHA15",2,1,10,0,0.241932735794715,0.111653268632698,0.353586004427413,0
"486","RFX3","ETV7","RFX3_ETV7",4,1,0,14,0.369180203158569,0.19929063954784,0.568470842706409,1
"487","RFX3","FIGLA","RFX3_FIGLA",4,0,-1,16,0.478399307869749,0.176979124063531,0.655378431933281,-2
"488","RFX3","FIGLA","RFX3_FIGLA_2",4,0,-7,9,0.268428672965206,0.149857861691242,0.418286534656447,-1
"489","RFX3","HES7","RFX3_HES7",3,1,10,-1,0.208571416338894,0.387836154456139,0.596407570795033,1
"490","RFX3","SREBF2","RFX3_SREBF2",3,1,9,0,0.384548770832559,0.0914785809683849,0.476027351800944,1
"491","RFX3","SRF","RFX3_SRF",4,0,-7,9,0.274475036696234,0.370702806428207,0.645177843124441,-1
"492","SOX6","TBX21","SOX6_TBX21",4,1,-6,12,0.10786618301624,0.356036892355136,0.463903075371376,-7
"493","SOX6","TBX21","SOX6_TBX21_2",2,0,8,-1,0.296262578658983,0.403629341338902,0.699891919997885,1
"494","TEAD4","ALX4","TEAD4_ALX4",2,1,10,-6,0.166872898201392,0.228480010399003,0.395352908600395,-3
"495","TEAD4","ALX4","TEAD4_ALX4_2",1,0,-1,10,0.260775950791984,0.137502304197855,0.398278254989839,-1
"496","TEAD4","CEBPB","TEAD4_CEBPB",1,1,-1,12,0.144874167883011,0.0954672845861763,0.240341452469187,-3
"497","TEAD4","CEBPD","TEAD4_CEBPD",3,1,10,0,0.217855760343669,0.100667819769864,0.318523580113533,0
"498","TEAD4","CEBPD","TEAD4_CEBPD_2",4,1,-1,14,0.160059689681508,0.0941469197024866,0.254206609383995,-5
"499","TEAD4","CEBPD","TEAD4_CEBPD_3",4,1,-1,13,0.157244188681598,0.0975538764978733,0.254798065179471,-4
"500","TEAD4","CEBPD","TEAD4_CEBPD_4",4,1,-1,12,0.150306817818372,0.0975789520230856,0.247885769841458,-3
"501","TEAD4","CLOCK","TEAD4_CLOCK",2,0,11,-1,0.183799933781946,0.225193120569228,0.408993054351173,-2
"502","TEAD4","CLOCK","TEAD4_CLOCK_2",2,0,12,-1,0.144746018978296,0.16402419274135,0.308770211719647,-3
"503","TEAD4","CLOCK","TEAD4_CLOCK_3",2,1,11,-1,0.110342731507262,0.166793119355802,0.277135850863064,-2
"504","TEAD4","CLOCK","TEAD4_CLOCK_4",2,1,12,-1,0.172686345162833,0.121820481488747,0.29450682665158,-3
"505","TEAD4","DLX2","TEAD4_DLX2",1,0,-1,9,0.206709090410234,0.0786255408375439,0.285334631247778,0
"506","TEAD4","DLX2","TEAD4_DLX2_2",1,0,-1,10,0.154844312037736,0.158552975769029,0.313397287806765,-1
"507","TEAD4","DLX2","TEAD4_DLX2_3",4,0,-1,10,0.236742228220428,0.105150642210108,0.341892870430536,-1
"508","TEAD4","DLX2","TEAD4_DLX2_4",2,1,5,-1,0.307816008792288,0.165505321070358,0.473321329862646,2
"509","TEAD4","DLX2","TEAD4_DLX2_5",4,0,0,11,0.136384011696565,0.130967339450266,0.267351351146831,-1
"510","TEAD4","DLX2","TEAD4_DLX2_6",1,0,0,10,0.152859182081936,0.106823191351712,0.259682373433649,0
"511","TEAD4","DLX3","TEAD4_DLX3",1,0,-1,9,0.149483220351049,0.132168881575365,0.281652101926414,0
"512","TEAD4","DLX3","TEAD4_DLX3_2",4,0,-1,10,0.167579887956135,0.167196115369904,0.334776003326039,-1
"513","TEAD4","DLX3","TEAD4_DLX3_3",4,0,-1,10,0.137677899675535,0.243018750214793,0.380696649890329,-1
"514","TEAD4","DLX3","TEAD4_DLX3_4",1,0,-1,9,0.150460098098962,0.110478691324667,0.260938789423629,0
"515","TEAD4","DRGX","TEAD4_DRGX",2,1,5,-6,0.330805642818033,0.154742580009111,0.485548222827144,2
"516","TEAD4","DRGX","TEAD4_DRGX_2",2,1,5,-6,0.225863267574231,0.193479611564822,0.419342879139054,2
"517","TEAD4","ELF1","TEAD4_ELF1",3,1,6,0,0.353523679717188,0.285316401952602,0.63884008166979,6
"518","TEAD4","ELF1","TEAD4_ELF1_2",3,1,6,0,0.328027586911435,0.280406209348084,0.608433796259519,6
"519","TEAD4","ELK1","TEAD4_ELK1",4,1,-1,8,0.387258738308574,0.258302479264615,0.645561217573189,1
"520","TEAD4","ELK1","TEAD4_ELK1_2",3,1,6,0,0.321682146954428,0.268669766443399,0.590351913397827,4
"521","TEAD4","ELK1","TEAD4_ELK1_3",1,0,-1,4,0.368266065422844,0.197919518484912,0.566185583907757,5
"522","TEAD4","ELK1","TEAD4_ELK1_4",3,1,6,0,0.321882166960456,0.304429167945519,0.626311334905975,4
"523","TEAD4","ELK3","TEAD4_ELK3",2,0,12,0,0.178603417802068,0.0934060960101851,0.272009513812253,-2
"524","TEAD4","EOMES","TEAD4_EOMES",4,0,5,11,0.198010409242222,0.380074385810711,0.578084795052933,4
"525","TEAD4","EOMES","TEAD4_EOMES_2",3,1,3,-4,0.232983334422822,0.383545061579143,0.616528396001965,6
"526","TEAD4","EOMES","TEAD4_EOMES_3",2,0,6,-1,0.231198158872136,0.43713606409476,0.668334222966896,6
"527","TEAD4","EOMES","TEAD4_EOMES_4",2,0,6,-1,0.172403243061448,0.46362521187274,0.636028454934188,6
"528","TEAD4","EOMES","TEAD4_EOMES_5",3,1,8,-4,0.180003149082547,0.280371442153294,0.460374591235841,1
"529","TEAD4","EOMES","TEAD4_EOMES_6",4,1,0,9,0.185977213013359,0.312959196246047,0.498936409259406,1
"530","TEAD4","ERG","TEAD4_ERG",2,0,4,0,0.475311746912236,0.182707503052764,0.658019249965,6
"531","TEAD4","ERG","TEAD4_ERG_2",2,0,13,0,0.207363777773449,0.125001264121908,0.332365041895357,-3
"532","TEAD4","ERG","TEAD4_ERG_3",2,0,4,0,0.479182714765568,0.206532137399354,0.685714852164922,6
"533","TEAD4","ESRRB","TEAD4_ESRRB",1,0,-1,10,0.216931445689503,0.235270890146068,0.452202335835571,-1
"534","TEAD4","ESRRB","TEAD4_ESRRB_2",1,0,-1,9,0.206382676183071,0.234777822352473,0.441160498535544,0
"535","TEAD4","ETV1","TEAD4_ETV1",2,0,4,0,0.496159395570619,0.213796819911997,0.709956215482615,6
"536","TEAD4","ETV4","TEAD4_ETV4",2,0,4,0,0.457241708481926,0.258812641528872,0.716054350010798,6
"537","TEAD4","ETV7","TEAD4_ETV7",2,1,12,-3,0.324490891091873,0.234813904277033,0.559304795368906,-4
"538","TEAD4","FIGLA","TEAD4_FIGLA",3,1,6,-2,0.130573187169525,0.216688222048005,0.34726140921753,2
"539","TEAD4","FIGLA","TEAD4_FIGLA_2",2,1,6,-2,0.135062723359556,0.190257436071129,0.325320159430686,2
"540","TEAD4","FIGLA","TEAD4_FIGLA_3",1,0,-2,14,0.140083300213709,0.182541798626426,0.322625098840135,-6
"541","TEAD4","FLI1","TEAD4_FLI1",2,0,4,0,0.426363686463222,0.332978199735873,0.759341886199095,10
"542","TEAD4","FOXI1","TEAD4_FOXI1",3,1,6,0,0.199577287668173,0.371492696139499,0.571069983807672,1
"543","TEAD4","FOXI1","TEAD4_FOXI1_2",1,0,-1,21,0.142863816427201,0.329435953188278,0.472299769615479,-12
"544","TEAD4","FOXI1","TEAD4_FOXI1_3",1,0,-1,20,0.206162020189538,0.257800732598875,0.463962752788413,-11
"545","TEAD4","FOXI1","TEAD4_FOXI1_4",1,0,-1,19,0.0895180158315208,0.278775284180487,0.368293300012008,-10
"546","TEAD4","FOXI1","TEAD4_FOXI1_5",1,0,-1,18,0.202778508351022,0.462043928533558,0.66482243688458,-9
"547","TEAD4","GATA3","TEAD4_GATA3",4,1,-1,9,0.152716113100235,0.136172056964471,0.288888170064705,0
"548","TEAD4","GSC2","TEAD4_GSC2",3,1,6,-1,0.309741168119295,0.263567791872905,0.5733089599922,3
"549","TEAD4","HES7","TEAD4_HES7",3,1,10,-2,0.167276393416952,0.450502512506291,0.617778905923243,0
"550","TEAD4","HES7","TEAD4_HES7_2",3,1,12,-2,0.190017066349002,0.443339668308464,0.633356734657466,-2
"551","TEAD4","HES7","TEAD4_HES7_3",1,0,-1,6,0.178304055570369,0.444495962756906,0.622800018327275,3
"552","TEAD4","HES7","TEAD4_HES7_4",1,0,-1,9,0.14525905983028,0.455107254854234,0.600366314684514,0
"553","TEAD4","HOXA13","TEAD4_HOXA13",2,0,4,-1,0.407206473525686,0.233740196690558,0.640946670216244,6
"554","TEAD4","HOXA13","TEAD4_HOXA13_2",3,1,6,-2,0.229278316878669,0.331552479411467,0.560830796290136,3
"555","TEAD4","HOXA13","TEAD4_HOXA13_3",1,0,-1,13,0.143352963679159,0.362743743951712,0.506096707630871,-4
"556","TEAD4","HOXA13","TEAD4_HOXA13_4",4,0,-1,11,0.184434969634538,0.325111459092698,0.509546428727236,-2
"557","TEAD4","HOXA2","TEAD4_HOXA2",1,0,-1,9,0.157684138253459,0.103287576071162,0.260971714324621,0
"558","TEAD4","HOXA2","TEAD4_HOXA2_2",1,0,-1,9,0.163413783887973,0.134984813366048,0.298398597254021,0
"559","TEAD4","HOXA3","TEAD4_HOXA3",1,0,-1,9,0.17582899381934,0.249108240918888,0.424937234738228,0
"560","TEAD4","HOXA3","TEAD4_HOXA3_2",1,0,-1,9,0.146231795044128,0.258059786347907,0.404291581392035,0
"561","TEAD4","HOXB13","TEAD4_HOXB13",4,1,0,3,0.450450824556016,0.269845214996783,0.720296039552799,7
"562","TEAD4","HOXB13","TEAD4_HOXB13_2",4,1,0,3,0.496742404633716,0.420038438506762,0.916780843140478,7
"563","TEAD4","HOXB13","TEAD4_HOXB13_3",3,1,6,-2,0.244158578444457,0.387567560043943,0.6317261384884,3
"564","TEAD4","HOXB13","TEAD4_HOXB13_4",4,1,5,8,0.29494135961624,0.627233476944584,0.922174836560824,7
"565","TEAD4","HOXB13","TEAD4_HOXB13_5",3,1,6,-2,0.205450242556112,0.38656092806263,0.592011170618742,3
"566","TEAD4","HOXB13","TEAD4_HOXB13_6",4,1,-1,2,0.457041889772658,0.278475721936132,0.73551761170879,7
"567","TEAD4","MAX","TEAD4_MAX",2,1,6,-2,0.195860031945598,0.123645723140655,0.319505755086254,2
"568","TEAD4","MAX","TEAD4_MAX_2",4,0,-1,11,0.124190497896445,0.0258890273333765,0.150079525229822,-2
"569","TEAD4","MAX","TEAD4_MAX_3",1,0,-1,12,0.13697684115074,0.0453724281018568,0.182349269252596,-3
"570","TEAD4","ONECUT2","TEAD4_ONECUT2",4,0,-1,6,0.164450791816478,0.37367613835689,0.538126930173368,3
"571","TEAD4","PAX5","TEAD4_PAX5",4,0,-1,11,0.192443382179717,0.0867099663634053,0.279153348543122,-2
"572","TEAD4","PITX1","TEAD4_PITX1",4,0,-1,9,0.252381127584975,0.132337773981237,0.384718901566212,0
"573","TEAD4","PITX1","TEAD4_PITX1_2",4,0,-1,10,0.22858359469613,0.162251698902956,0.390835293599086,-1
"574","TEAD4","PITX1","TEAD4_PITX1_3",1,0,-1,11,0.173934315857059,0.127893349334174,0.301827665191233,-2
"575","TEAD4","PITX1","TEAD4_PITX1_4",1,0,-1,10,0.193296430570968,0.130973616651546,0.324270047222514,-1
"576","TEAD4","PITX1","TEAD4_PITX1_5",1,0,-1,10,0.144886829359103,0.0962759077416518,0.241162737100755,-1
"577","TEAD4","RFX5","TEAD4_RFX5",1,0,-1,12,0.127426518897573,0.448238119265925,0.575664638163498,-3
"578","TEAD4","RFX5","TEAD4_RFX5_2",1,0,-1,13,0.152804716196731,0.460098045704738,0.61290276190147,-4
"579","TEAD4","SOX15","TEAD4_SOX15",2,1,-1,-7,0.196046215314337,0.440446828860642,0.636493044174978,9
"580","TEAD4","SOX15","TEAD4_SOX15_2",2,1,-1,-7,0.167700292191932,0.434583381514375,0.602283673706308,9
"581","TEAD4","SOX6","TEAD4_SOX6",4,1,-1,12,0.162880526965869,0.154118465528372,0.316998992494241,-3
"582","TEAD4","SPDEF","TEAD4_SPDEF",3,1,5,-1,0.32056016300308,0.3902459048137,0.71080606781678,5
"583","TEAD4","SPDEF","TEAD4_SPDEF_2",3,1,4,-2,0.287610169623414,0.368852683489917,0.656462853113331,5
"584","TEAD4","SPDEF","TEAD4_SPDEF_3",2,1,15,0,0.328177994367632,0.343890821647429,0.672068816015061,-4
"585","TEAD4","SPIB","TEAD4_SPIB",3,1,6,0,0.351583883552857,0.192392728204395,0.543976611757252,8
"586","TEAD4","SPIB","TEAD4_SPIB_2",3,1,6,0,0.288913750838337,0.24900458159134,0.537918332429677,8
"587","TEAD4","TBX21","TEAD4_TBX21",2,0,5,-1,0.368341877685644,0.270954914235853,0.639296791921497,4
"588","TEAD4","TBX21","TEAD4_TBX21_2",4,1,-1,11,0.160242730488268,0.296653890933242,0.45689662142151,-2
"589","TEAD4","TCF3","TEAD4_TCF3",1,1,0,6,0.38947512965169,0.210386924028215,0.599862053679904,4
"590","TFAP2C","DLX3","TFAP2C_DLX3",4,0,1,17,0.344827782721445,0.149026712914311,0.493854495635756,-5
"591","TFAP2C","DLX3","TFAP2C_DLX3_2",2,1,12,-1,0.296765084172061,0.156598090532146,0.453363174704207,-5
"592","TFAP2C","DLX3","TFAP2C_DLX3_3",1,0,0,15,0.336216603951965,0.137420157770575,0.47363676172254,-4
"593","TFAP2C","DRGX","TFAP2C_DRGX",4,0,-1,10,0.216151093900993,0.318761573742042,0.534912667643035,0
"594","TFAP2C","E2F8","TFAP2C_E2F8",2,0,9,0,0.205830687571435,0.481912835843979,0.687743523415414,3
"595","TFAP2C","ELK1","TFAP2C_ELK1",3,1,9,0,0.236860857144799,0.234329924037463,0.471190781182263,1
"596","TFAP2C","ETV7","TFAP2C_ETV7",2,1,16,-2,0.288088336368521,0.261450894958072,0.549539231326593,-7
"597","TFAP2C","HES7","TFAP2C_HES7",3,0,14,-1,0.233911316775557,0.378816089717405,0.612727406492962,-3
"598","TFAP2C","HES7","TFAP2C_HES7_2",1,1,-1,12,0.232827183333195,0.399711647895817,0.632538831229012,-2
"599","TFAP2C","HOXB13","TFAP2C_HOXB13",3,1,8,-2,0.362563243932648,0.31065828312305,0.673221527055699,1
"600","TFAP2C","MAX","TFAP2C_MAX",2,1,9,-1,0.236813119720439,0.072626066611668,0.309439186332107,0
"601","TFAP2C","MAX","TFAP2C_MAX_2",3,1,10,-1,0.233896246333757,0.0845736006106282,0.318469846944385,-1
"602","TFAP2C","MAX","TFAP2C_MAX_3",4,0,1,22,0.213257514650805,0.0456517024298122,0.258909217080618,-10
"603","TFAP2C","MAX","TFAP2C_MAX_4",4,0,1,23,0.23261201997687,0.031095213893904,0.263707233870773,-11
"604","TFAP2C","ONECUT2","TFAP2C_ONECUT2",2,0,11,-4,0.220241492490018,0.216670904900708,0.436912397390726,-1
"605","TFAP2C","ONECUT2","TFAP2C_ONECUT2_2",2,0,13,-4,0.206091538929103,0.308725386145565,0.514816925074668,-3
"606","TFAP2C","ONECUT2","TFAP2C_ONECUT2_3",3,0,14,-2,0.202853141886381,0.332986742022135,0.535839883908516,-2
"607","TFAP2C","ONECUT2","TFAP2C_ONECUT2_4",1,1,1,15,0.220101666224911,0.324091692902758,0.544193359127668,-3
"608","TFAP4","DLX3","TFAP4_DLX3",4,0,-1,13,0.255525584162642,0.226010626550688,0.48153621071333,-4
"609","TFAP4","DLX3","TFAP4_DLX3_2",2,1,12,-1,0.258942169780562,0.179539783630737,0.438481953411299,-5
"610","TFAP4","ETV1","TFAP4_ETV1",2,0,6,0,0.357396530572002,0.26293937052791,0.620335901099912,4
"611","TFAP4","ETV4","TFAP4_ETV4",2,0,6,0,0.355246527184808,0.298303465248171,0.653549992432979,4
"612","TFAP4","FLI1","TFAP4_FLI1",2,0,6,-8,0.299598681278828,0.516971060741667,0.816569742020495,0
"613","TFAP4","MAX","TFAP4_MAX",4,0,-1,10,0.248991016341766,0.0799486725892694,0.328939688931035,-1
"614","TFAP4","MAX","TFAP4_MAX_2",4,0,-1,12,0.209149880300307,0.0882818858924293,0.297431766192737,-3
